,0,1,2,3,4,5,6,7,8,9,10,11,12,13,14,15,16,17,18,19,20,21,22,23,24,25,26,27,28,29,30,31,32,33,34,35,36,37,38,39,40,41,42,43,44,45,46,47,48,49,50,51,52,53,54,55,56,57,58,59,60,61,62,63,64,65,66,67,68,69,70,71,72,73,74,75,76,77,78,79,80,81,82,83,84,85,86,87,88,89,90,91,92,93,94,95,96,97,98,99,100,101,102,103,104,105,106,107,108,109,110,111,112,113,114,115,116,117,118,119,120,121,122,123,124,125,126,127,128,129,130,131,132,133,134,135,136,137,138,139,140,141,142,143,144,145,146,147,148,149,150,151,152,153,154
0,SIT,IPSUM,ipsum,ipsum,amet,AMET,ORNARE,ipsum,IPSUM,DUI,at,DOLOR,IPSUM,adipiscing,ID,massa,IPSUM,ipsum,IPSUM,sit,DUIS,VULPUTATE,MALESUADA,DOLOR,ipsum,neque,ornare,tempus,SIT,dui,IPSUM,orci,ipsum,IMPERDIET,metus,tortor,inceptos,NISI,ELIT,sit,ORCI,nunc,DOLOR,duis,feugiat,ET,ipsum,adipiscing,SIT,QUISQUE,DUIS,IPSUM,sit,malesuada,CONSECTETUR,ERAT,ipsum,IPSUM,DOLOR,sit,NULLA,IPSUM,IPSUM,VITAE,SEM,adipiscing,QUISQUE,INCEPTOS,CURSUS,CONSECTETUR,imperdiet,suscipit,ORNARE,finibus,porttitor,ET,suspendisse,TEMPUS,AMET,IPSUM,EGESTAS,ornare,QUISQUE,DOLOR,DUIS,consectetur,DOLOR,IPSUM,et,DUI,ORCI,AMET,dolor,neque,IPSUM,ET,sit,IPSUM,METUS,DOLOR,ELIT,dolor,dui,dolor,leo,vehicula,dolor,FINIBUS,ELIT,SUSCIPIT,ipsum,IPSUM,aliquam,DOLOR,MASSA,a,VITAE,VELIT,ELIT,SOLLICITUDIN,UT,IPSUM,IPSUM,IPSUM,ex,neque,ipsum,EGET,IPSUM,iaculis,TEMPUS,JUSTO,adipiscing,placerat,ipsum,DOLOR,rutrum,SIT,amet,IPSUM,QUISQUE,ELIT,sit,TORQUENT,IPSUM,in,IPSUM,DOLOR,FINIBUS,IPSUM,PORTTITOR,sit,ELIT,a,efficitur
1,IPSUM,aptent,AMET,amet,IPSUM,DOLOR,commodo,RHONCUS,IPSUM,dolor,ERAT,AMET,IPSUM,ipsum,IPSUM,IPSUM,ERAT,SIT,sodales,tortor,VESTIBULUM,consectetur,DUI,ADIPISCING,ornare,ELEIFEND,SIT,CLASS,massa,ELIT,DOLOR,NUNC,ipsum,dolor,odio,ipsum,DOLOR,a,ERAT,DOLOR,odio,dolor,VITAE,consectetur,consectetur,IPSUM,ipsum,IPSUM,fermentum,AMET,lectus,ipsum,duis,ipsum,NULLA,consectetur,IPSUM,et,TEMPUS,dolor,ipsum,ornare,SIT,ipsum,ipsum,ornare,NEQUE,IPSUM,MASSA,sollicitudin,class,fringilla,MASSA,SOCIOSQU,VITAE,DOLOR,imperdiet,dolor,eros,IPSUM,adipiscing,DOLOR,consectetur,sit,ELIT,ADIPISCING,dolor,IPSUM,sit,dolor,TEMPUS,VULPUTATE,FACILISIS,IPSUM,PLACERAT,ipsum,VITAE,IPSUM,IPSUM,IPSUM,turpis,dolor,AC,adipiscing,EGET,DOLOR,ORNARE,ornare,IPSUM,NAM,sit,CURSUS,DOLOR,est,NULLA,ipsum,erat,IPSUM,sociosqu,dolor,SAPIEN,DOLOR,PER,leo,IPSUM,ipsum,ipsum,VARIUS,INCEPTOS,elit,IPSUM,VITAE,convallis,sit,FINIBUS,SIT,MI,ipsum,consequat,ipsum,dui,CONSEQUAT,ultrices,adipiscing,DOLOR,QUISQUE,dolor,ORCI,AMET,maximus,orci,DOLOR,urna,DUIS,ipsum
2,IPSUM,elit,VARIUS,SIT,CLASS,ipsum,dolor,DUIS,nulla,dui,IPSUM,IN,IPSUM,CONSECTETUR,DOLOR,ADIPISCING,at,NEQUE,ipsum,adipiscing,SIT,IPSUM,dolor,consectetur,AUGUE,dolor,IMPERDIET,CONSECTETUR,nec,LIBERO,ipsum,IMPERDIET,ipsum,APTENT,amet,DOLOR,CONSECTETUR,PULVINAR,sit,DOLOR,amet,iaculis,DUI,ADIPISCING,URNA,IPSUM,IPSUM,et,nulla,JUSTO,PHASELLUS,IPSUM,consectetur,dolor,LACUS,ORCI,VEHICULA,ipsum,ipsum,himenaeos,nibh,amet,dolor,nostra,IN,ELIT,neque,ipsum,metus,DOLOR,augue,SEMPER,sit,CONSECTETUR,DOLOR,DOLOR,ADIPISCING,SIT,IPSUM,fusce,SIT,metus,dolor,IPSUM,IPSUM,IPSUM,dolor,IPSUM,IPSUM,BIBENDUM,PER,IPSUM,neque,EU,dolor,ORNARE,IN,dolor,ipsum,ipsum,varius,ELEIFEND,rutrum,ipsum,adipiscing,ipsum,ULTRICES,VEL,ODIO,sociosqu,consectetur,PHASELLUS,IPSUM,QUAM,DOLOR,AMET,IPSUM,DOLOR,IPSUM,ULLAMCORPER,CONVALLIS,amet,sit,IPSUM,IPSUM,ipsum,IPSUM,ipsum,non,DOLOR,NEQUE,ORNARE,IPSUM,sit,NISI,ULLAMCORPER,QUISQUE,EGESTAS,torquent,CONSECTETUR,TORQUENT,SIT,ipsum,AUGUE,AMET,in,neque,DOLOR,amet,ipsum,pellentesque,ipsum,FELIS,sit,IPSUM
3,IPSUM,DOLOR,neque,DUIS,NEQUE,eu,APTENT,ipsum,ORNARE,AC,neque,IPSUM,ipsum,IN,ELIT,dolor,DOLOR,SIT,dolor,ipsum,ELIT,ELIT,IN,dolor,dolor,adipiscing,sit,adipiscing,DOLOR,IPSUM,AENEAN,SIT,AUGUE,adipiscing,VEHICULA,IPSUM,pharetra,SIT,dolor,NEQUE,sit,AMET,IPSUM,ipsum,IPSUM,ipsum,ipsum,faucibus,dolor,ELIT,DUI,sit,ORNARE,DUI,DOLOR,DOLOR,ipsum,duis,ADIPISCING,ORNARE,dui,ornare,vitae,VITAE,amet,eget,DUIS,class,EU,AMET,adipiscing,felis,ADIPISCING,ipsum,IPSUM,NULLA,IPSUM,ipsum,dolor,MASSA,CONSECTETUR,sit,ADIPISCING,DOLOR,dui,elit,DOLOR,IPSUM,class,IPSUM,IPSUM,AMET,IPSUM,pellentesque,INTERDUM,facilisis,duis,DOLOR,in,auctor,AMET,dolor,ipsum,SIT,ipsum,CONUBIA,MI,ipsum,adipiscing,amet,quis,duis,taciti,praesent,felis,VARIUS,et,phasellus,sit,AUGUE,AC,A,ipsum,convallis,ORCI,adipiscing,elit,ipsum,ipsum,ORNARE,DOLOR,DUIS,ADIPISCING,IPSUM,dolor,SUSCIPIT,dolor,DUI,ELEIFEND,FINIBUS,MORBI,DOLOR,ornare,nisi,ULTRICES,TORQUENT,ad,IPSUM,lacinia,DUIS,NON,ornare,DOLOR,himenaeos,MAXIMUS
4,ipsum,dolor,turpis,ADIPISCING,amet,TEMPUS,luctus,IPSUM,consectetur,PER,SIT,ORNARE,vehicula,himenaeos,RHONCUS,consectetur,dolor,sit,IPSUM,a,IPSUM,aliquet,ORNARE,NISI,ipsum,IPSUM,ligula,NISI,neque,NEQUE,nec,DOLOR,et,IPSUM,NIBH,IPSUM,odio,sit,PULVINAR,SIT,fringilla,NOSTRA,DOLOR,IN,pellentesque,NUNC,AMET,amet,IPSUM,FRINGILLA,dolor,dui,DUI,varius,ornare,et,VITAE,QUISQUE,AC,IPSUM,quisque,sapien,IPSUM,MASSA,neque,AMET,IPSUM,SED,IPSUM,ipsum,IN,SIT,FINIBUS,augue,IPSUM,AMET,IPSUM,ORNARE,facilisis,vehicula,vehicula,AC,dolor,PHASELLUS,CONSECTETUR,IPSUM,ornare,IPSUM,sit,finibus,ipsum,sit,feugiat,vehicula,FINIBUS,dolor,DOLOR,IN,QUISQUE,consectetur,pellentesque,sit,AMET,DOLOR,IPSUM,ornare,dolor,amet,ipsum,NEQUE,ELIT,SIT,DOLOR,nec,amet,erat,sit,ac,adipiscing,MALESUADA,TEMPUS,IPSUM,CONSECTETUR,ipsum,VITAE,sit,DOLOR,NEQUE,neque,AMET,DOLOR,imperdiet,HIMENAEOS,ORNARE,ADIPISCING,DUIS,duis,amet,ipsum,IN,dolor,sit,CONSECTETUR,ipsum,rhoncus,quisque,finibus,ADIPISCING,AMET,IPSUM,adipiscing,sit,NOSTRA,IPSUM,DOLOR
5,consectetur,LAOREET,DICTUM,CONSECTETUR,dolor,dolor,IPSUM,LEO,PULVINAR,vitae,DUI,ullamcorper,dictum,DOLOR,DOLOR,VARIUS,ipsum,ODIO,EX,SIT,ORNARE,DOLOR,ipsum,FUSCE,MALESUADA,amet,ELIT,pellentesque,ipsum,ODIO,duis,LACINIA,SIT,IPSUM,METUS,IPSUM,IPSUM,IPSUM,ET,ipsum,NEC,ODIO,SIT,adipiscing,AMET,tristique,suscipit,dolor,orci,DUIS,inceptos,DUIS,felis,IPSUM,DOLOR,consectetur,IPSUM,dolor,taciti,AMET,IPSUM,IPSUM,EROS,ET,DOLOR,IPSUM,ad,IPSUM,sit,convallis,rhoncus,EGET,ullamcorper,IPSUM,ADIPISCING,risus,VARIUS,SIT,sem,nunc,elit,faucibus,dolor,ORNARE,ORCI,sit,ADIPISCING,CONSECTETUR,IPSUM,IPSUM,ipsum,dolor,amet,DOLOR,IPSUM,ipsum,dolor,VULPUTATE,IPSUM,SIT,enim,dolor,IN,TEMPUS,COMMODO,IPSUM,nulla,MI,IPSUM,mauris,ac,SIT,sit,imperdiet,duis,ADIPISCING,NULLAM,vitae,FINIBUS,consectetur,ID,ORCI,SIT,ipsum,torquent,ipsum,MATTIS,ET,PHASELLUS,RHONCUS,PRETIUM,ipsum,class,laoreet,IPSUM,VULPUTATE,IPSUM,adipiscing,ELIT,et,SIT,ipsum,DUIS,SIT,ipsum,NOSTRA,vitae,DOLOR,DUI,AMET,convallis,FELIS,DOLOR,SAPIEN,id
6,class,ADIPISCING,ipsum,ipsum,ADIPISCING,dolor,dolor,ipsum,PRAESENT,sit,consequat,AMET,nulla,dolor,consectetur,eget,DOLOR,ipsum,CONSECTETUR,vitae,IPSUM,ipsum,DOLOR,pellentesque,AUCTOR,IN,dui,VITAE,eu,DUIS,in,at,consectetur,IPSUM,DOLOR,DOLOR,in,in,nibh,duis,ipsum,NISI,METUS,VITAE,orci,NULLA,DOLOR,ORNARE,IPSUM,dolor,IPSUM,NON,ipsum,ADIPISCING,molestie,DOLOR,dictum,RHONCUS,ipsum,IPSUM,FRINGILLA,ADIPISCING,AMET,ET,convallis,SIT,tempus,CONSECTETUR,sit,VITAE,PELLENTESQUE,SOCIOSQU,ADIPISCING,ipsum,VITAE,varius,adipiscing,AT,ipsum,vitae,adipiscing,sit,AMET,DOLOR,diam,IPSUM,IN,SIT,amet,IPSUM,ORNARE,IPSUM,IPSUM,SIT,FACILISIS,leo,SIT,MASSA,odio,vehicula,aenean,ADIPISCING,dolor,FELIS,TORTOR,TELLUS,SIT,SED,DOLOR,ELIT,ADIPISCING,IPSUM,NEC,consectetur,ipsum,tempor,VIVAMUS,IPSUM,METUS,convallis,SIT,dolor,elit,ipsum,ipsum,odio,dolor,DUIS,FINIBUS,DOLOR,QUAM,SIT,IPSUM,AUGUE,TEMPUS,IPSUM,DOLOR,ADIPISCING,quisque,leo,et,VEHICULA,lectus,IMPERDIET,AD,DOLOR,ELIT,SOCIOSQU,ipsum,imperdiet,ipsum,TINCIDUNT,DOLOR,AMET,IMPERDIET
7,vel,sit,pulvinar,IPSUM,mauris,IPSUM,ARCU,BIBENDUM,imperdiet,aliquam,DOLOR,NAM,ipsum,LAOREET,DOLOR,VEHICULA,elit,TEMPOR,ipsum,AMET,dolor,sit,DOLOR,CONSECTETUR,amet,VULPUTATE,ET,ELIT,ORNARE,neque,IPSUM,finibus,inceptos,EX,ipsum,VEHICULA,neque,IPSUM,SIT,sit,ipsum,amet,ipsum,eu,dolor,amet,faucibus,CRAS,NEQUE,IPSUM,AC,IN,VEHICULA,MALESUADA,iaculis,ipsum,litora,ADIPISCING,SIT,suscipit,DOLOR,ipsum,IPSUM,FEUGIAT,vestibulum,felis,sit,SIT,nulla,IPSUM,dolor,consectetur,orci,NIBH,ipsum,DOLOR,DOLOR,AUGUE,pulvinar,DOLOR,amet,ornare,ipsum,ipsum,a,aliquet,IPSUM,ipsum,FELIS,ORNARE,sem,IMPERDIET,ipsum,orci,IPSUM,ad,VITAE,CONSECTETUR,augue,quisque,IPSUM,URNA,ipsum,in,in,ipsum,ipsum,ipsum,tortor,CONSECTETUR,IPSUM,IPSUM,et,eleifend,id,AUGUE,SIT,SIT,QUISQUE,sit,ELIT,dui,IPSUM,ipsum,ipsum,et,ODIO,id,adipiscing,AMET,consectetur,porttitor,amet,VEHICULA,ADIPISCING,sit,sociosqu,turpis,IN,vehicula,TACITI,IPSUM,duis,IPSUM,aptent,massa,METUS,ipsum,amet,leo,CONSECTETUR,ipsum,amet,ipsum,sit
8,a,DOLOR,TACITI,IPSUM,AMET,elit,dolor,ipsum,IMPERDIET,elit,litora,FINIBUS,MASSA,ipsum,NAM,ORNARE,IPSUM,IN,IPSUM,COMMODO,FINIBUS,VEHICULA,amet,DOLOR,consequat,CONVALLIS,risus,IPSUM,ipsum,IPSUM,conubia,augue,VARIUS,ipsum,IPSUM,IPSUM,SUSPENDISSE,IPSUM,sit,sit,ipsum,ipsum,IPSUM,dolor,orci,faucibus,ipsum,dolor,at,SIT,VARIUS,volutpat,EFFICITUR,AMET,FACILISIS,ipsum,ADIPISCING,vel,AT,ipsum,PORTTITOR,felis,DOLOR,duis,SIT,TACITI,neque,scelerisque,imperdiet,elit,ipsum,IPSUM,AMET,metus,TURPIS,ipsum,inceptos,dolor,EU,ipsum,ET,rhoncus,dolor,DOLOR,DOLOR,AMET,suscipit,vehicula,varius,dolor,dolor,ipsum,PORTA,IPSUM,IPSUM,SIT,CONSEQUAT,IPSUM,ipsum,IPSUM,ADIPISCING,FINIBUS,NUNC,VARIUS,SUSPENDISSE,FELIS,class,ipsum,FINIBUS,dolor,DOLOR,FAUCIBUS,AMET,ELIT,adipiscing,AT,ipsum,DUIS,NEQUE,massa,VULPUTATE,AD,ipsum,duis,IPSUM,PHARETRA,amet,amet,IACULIS,IPSUM,AUGUE,VITAE,IPSUM,duis,ipsum,DOLOR,ipsum,ORNARE,ipsum,vel,IPSUM,ipsum,ipsum,ex,ullamcorper,AMET,DUIS,DUIS,vitae,TEMPUS,CONSECTETUR,MAGNA,commodo,SIT,sit
9,IPSUM,ipsum,AUGUE,convallis,ipsum,TEMPOR,ORNARE,ORNARE,FINIBUS,finibus,dolor,CONSECTETUR,MATTIS,vel,ipsum,ipsum,consectetur,dolor,DOLOR,ipsum,ORNARE,ipsum,IPSUM,SIT,amet,SIT,NEQUE,aenean,ipsum,ornare,NEC,sit,IPSUM,ELIT,condimentum,FINIBUS,sit,IPSUM,amet,amet,IN,VEHICULA,duis,in,tempus,bibendum,DOLOR,ipsum,SED,ADIPISCING,NISI,neque,IPSUM,DOLOR,vehicula,ET,DOLOR,VITAE,ERAT,IPSUM,IPSUM,AUGUE,neque,ad,sit,consectetur,FRINGILLA,orci,eget,consectetur,ODIO,DOLOR,INCEPTOS,DOLOR,IPSUM,SAGITTIS,IN,convallis,duis,dolor,consectetur,IN,ET,vestibulum,IPSUM,ipsum,IPSUM,adipiscing,ADIPISCING,IPSUM,AMET,dolor,dolor,amet,amet,EGET,eu,NULLAM,amet,VULPUTATE,ipsum,AMET,DUIS,ipsum,TORQUENT,inceptos,vehicula,ornare,ipsum,IPSUM,AD,orci,adipiscing,ipsum,nulla,ipsum,NEQUE,AMET,NEQUE,CONUBIA,IPSUM,ipsum,EU,AMET,ipsum,DOLOR,ipsum,consectetur,IPSUM,tincidunt,ORNARE,dolor,AUGUE,vehicula,AUGUE,ipsum,NON,ipsum,IN,dolor,DUIS,ADIPISCING,IN,DOLOR,tempus,convallis,ADIPISCING,consectetur,IPSUM,DICTUM,mauris,ELIT,quisque,DOLOR,ipsum
10,ipsum,ID,consectetur,dolor,ipsum,PELLENTESQUE,convallis,commodo,ipsum,AMET,IPSUM,vehicula,QUISQUE,nam,cras,pharetra,NEC,finibus,AUGUE,ipsum,SIT,augue,INCEPTOS,non,IPSUM,MI,PROIN,vitae,ad,ORNARE,sit,CONSECTETUR,NUNC,IPSUM,ADIPISCING,ipsum,ORCI,DOLOR,QUISQUE,DOLOR,dolor,ornare,IPSUM,IPSUM,in,ipsum,ipsum,IN,QUISQUE,conubia,DOLOR,SIT,AMET,DUIS,adipiscing,QUISQUE,ornare,IPSUM,sagittis,fringilla,in,SIT,EFFICITUR,AMET,duis,DOLOR,luctus,ipsum,duis,neque,PRETIUM,FINIBUS,ipsum,DUIS,litora,odio,ipsum,ipsum,VEHICULA,IPSUM,MASSA,sit,in,ORNARE,IPSUM,imperdiet,sit,ipsum,adipiscing,dolor,DUIS,sit,DOLOR,IPSUM,DOLOR,consectetur,SCELERISQUE,IPSUM,imperdiet,QUISQUE,id,vitae,elit,MATTIS,nulla,TRISTIQUE,ipsum,QUISQUE,IPSUM,DUIS,ipsum,ORCI,MASSA,MI,MALESUADA,ullamcorper,IPSUM,ipsum,IPSUM,fringilla,IPSUM,facilisis,VARIUS,ADIPISCING,QUISQUE,AMET,consectetur,DOLOR,IPSUM,AMET,ODIO,ipsum,velit,quisque,IPSUM,AMET,neque,NEQUE,donec,per,IPSUM,NEC,IPSUM,dolor,libero,IPSUM,IPSUM,APTENT,IN,ipsum,QUIS,IPSUM,duis,ipsum,VEL
11,ipsum,amet,TEMPOR,ornare,dolor,massa,ipsum,VITAE,DIGNISSIM,TINCIDUNT,DOLOR,ELIT,sollicitudin,AD,ORNARE,ipsum,QUISQUE,AMET,vitae,CONSECTETUR,amet,orci,tortor,PER,ADIPISCING,dolor,FAUCIBUS,NUNC,pellentesque,metus,LIBERO,IMPERDIET,ELIT,elit,CONSECTETUR,IPSUM,et,FINIBUS,IPSUM,SIT,consectetur,IN,NEC,IPSUM,adipiscing,VITAE,quisque,sociosqu,CONSECTETUR,DOLOR,EU,luctus,aliquet,TACITI,vel,litora,SIT,SIT,NEQUE,IPSUM,IPSUM,amet,lobortis,ipsum,AMET,IPSUM,varius,tincidunt,IPSUM,DOLOR,AMET,ipsum,IPSUM,IPSUM,ipsum,ORCI,DOLOR,IPSUM,nulla,DOLOR,SEMPER,ipsum,IPSUM,sit,ipsum,COMMODO,ipsum,CRAS,sit,amet,ipsum,neque,IPSUM,ADIPISCING,DUIS,finibus,DOLOR,NEQUE,ipsum,a,ORNARE,dui,in,NAM,leo,DOLOR,ET,duis,DOLOR,ADIPISCING,ornare,DICTUM,AMET,IN,SIT,AUGUE,ADIPISCING,ET,vitae,DOLOR,IPSUM,himenaeos,AT,ipsum,faucibus,IPSUM,efficitur,IPSUM,VEL,ELEMENTUM,ipsum,LAOREET,IPSUM,ipsum,sit,CONSECTETUR,IPSUM,aptent,adipiscing,NAM,ornare,ipsum,IPSUM,elit,TEMPUS,CONSECTETUR,sit,DOLOR,IPSUM,nostra,facilisis,NON,nisi,est,ipsum
12,IPSUM,NEQUE,ELIT,turpis,nec,AMET,VARIUS,ad,dolor,EFFICITUR,scelerisque,VITAE,ipsum,ipsum,VEL,quisque,rutrum,sit,vehicula,elit,AMET,CONSECTETUR,AMET,nunc,VITAE,NEQUE,ipsum,SIT,sollicitudin,PRAESENT,IPSUM,curabitur,et,DUI,ORCI,IPSUM,DUI,VARIUS,consectetur,DONEC,adipiscing,consectetur,vehicula,SCELERISQUE,IN,ipsum,IPSUM,PULVINAR,vehicula,IPSUM,sit,vitae,IPSUM,augue,ORNARE,sit,LIBERO,TEMPUS,DOLOR,nec,metus,CONSECTETUR,DOLOR,DUIS,amet,adipiscing,IPSUM,sit,IPSUM,aptent,per,IMPERDIET,IPSUM,ipsum,taciti,IPSUM,vehicula,EU,sollicitudin,IPSUM,LEO,vitae,ac,SED,IPSUM,VEL,ELIT,ORCI,imperdiet,nunc,SIT,ipsum,inceptos,ipsum,dui,DOLOR,IPSUM,NIBH,CONVALLIS,CONSECTETUR,ullamcorper,ipsum,ipsum,IPSUM,DOLOR,et,vulputate,sit,QUISQUE,nam,IPSUM,VULPUTATE,ADIPISCING,PRAESENT,TEMPUS,et,IPSUM,ex,CONSECTETUR,VEHICULA,SOCIOSQU,CONSECTETUR,felis,IMPERDIET,NEC,AMET,CONVALLIS,vivamus,ipsum,TEMPUS,AMET,FELIS,AMET,IPSUM,SIT,NUNC,sit,NEQUE,NEQUE,in,faucibus,dolor,IPSUM,ALIQUAM,DOLOR,IPSUM,IPSUM,IPSUM,consectetur,eu,amet,ipsum,IPSUM,ipsum,non
13,FINIBUS,DOLOR,AMET,ipsum,ORCI,sit,DUI,dolor,dolor,ornare,DOLOR,tempor,IPSUM,ipsum,ipsum,NISI,et,amet,IMPERDIET,IPSUM,IPSUM,ADIPISCING,ADIPISCING,IPSUM,duis,ELIT,felis,lacinia,VEHICULA,MASSA,SIT,PHASELLUS,sit,DICTUM,consectetur,IPSUM,sit,DUI,ipsum,VEHICULA,vitae,IPSUM,consectetur,sit,IPSUM,dolor,IPSUM,IPSUM,PHASELLUS,porta,dolor,DUIS,DOLOR,elit,IMPERDIET,adipiscing,amet,in,IPSUM,AMET,IN,IPSUM,dolor,TURPIS,imperdiet,ORNARE,IACULIS,ipsum,convallis,amet,SIT,ELIT,consectetur,in,IPSUM,phasellus,CONVALLIS,per,duis,AUGUE,aenean,sit,adipiscing,IPSUM,suscipit,sit,CONVALLIS,PRETIUM,felis,ELIT,IPSUM,dui,MI,ornare,erat,at,consectetur,IPSUM,AUGUE,AMET,tortor,adipiscing,porttitor,IMPERDIET,elit,tempus,AMET,dolor,ipsum,PELLENTESQUE,IPSUM,felis,consectetur,finibus,SOCIOSQU,DUI,IPSUM,SIT,AMET,IPSUM,DUI,IPSUM,SIT,DOLOR,ornare,IPSUM,a,pellentesque,ipsum,ELIT,FAUCIBUS,MI,IN,dolor,consectetur,ipsum,IPSUM,nibh,elit,efficitur,sit,ipsum,DOLOR,DOLOR,IPSUM,metus,sit,LIBERO,CONUBIA,amet,ornare,amet,NEQUE,AUGUE,AMET
14,dui,sit,vehicula,DOLOR,DOLOR,ex,duis,DUI,vulputate,ADIPISCING,IPSUM,NEC,ET,DOLOR,ullamcorper,AC,sociosqu,ipsum,PER,IPSUM,IPSUM,duis,NAM,sit,MASSA,BIBENDUM,DUI,ipsum,VULPUTATE,eu,IPSUM,AMET,ornare,DOLOR,AMET,EX,AUCTOR,FINIBUS,adipiscing,litora,finibus,FINIBUS,amet,ipsum,CONSECTETUR,NOSTRA,varius,massa,DOLOR,ADIPISCING,ipsum,sit,IPSUM,PHARETRA,amet,LITORA,sit,ET,APTENT,IPSUM,DOLOR,neque,ipsum,IPSUM,ipsum,adipiscing,finibus,facilisis,VEHICULA,sit,CONSECTETUR,IPSUM,DOLOR,TORQUENT,amet,IPSUM,VITAE,SIT,volutpat,EGESTAS,CONSECTETUR,TEMPOR,IPSUM,VITAE,consectetur,etiam,CONSECTETUR,dolor,adipiscing,VITAE,VIVAMUS,DUI,SUSCIPIT,in,justo,dolor,ipsum,DOLOR,QUIS,quisque,IPSUM,DUI,SOLLICITUDIN,ipsum,ipsum,ipsum,ornare,ipsum,TINCIDUNT,facilisis,AUGUE,eget,quisque,CONSECTETUR,tempus,ipsum,duis,ipsum,ORNARE,SIT,IPSUM,CONDIMENTUM,SIT,URNA,IPSUM,ipsum,ADIPISCING,SIT,adipiscing,ad,ex,IPSUM,CONVALLIS,DOLOR,SIT,ipsum,HIMENAEOS,erat,duis,felis,IPSUM,DOLOR,IPSUM,orci,IMPERDIET,VARIUS,SODALES,ADIPISCING,DOLOR,LUCTUS,AMET,ORNARE,sit,FELIS,mi
15,ipsum,CONSECTETUR,IPSUM,AENEAN,ERAT,dolor,sit,adipiscing,IPSUM,ipsum,IPSUM,PER,litora,ipsum,AMET,IPSUM,IPSUM,QUISQUE,VITAE,ipsum,dolor,DOLOR,ipsum,LACUS,DOLOR,consectetur,augue,IPSUM,convallis,IPSUM,EU,NULLA,IPSUM,orci,nec,FINIBUS,elit,SOCIOSQU,ipsum,CONSECTETUR,ipsum,ipsum,sit,FINIBUS,ULLAMCORPER,ADIPISCING,ODIO,NON,dolor,MASSA,duis,dolor,tempor,consectetur,ELIT,ipsum,NISI,FINIBUS,ADIPISCING,class,AMET,ipsum,TEMPUS,IPSUM,magna,DOLOR,DOLOR,dolor,IPSUM,nisl,ipsum,QUISQUE,adipiscing,ex,SIT,finibus,IPSUM,IPSUM,ipsum,dolor,VIVAMUS,ullamcorper,SIT,IPSUM,AT,ex,ipsum,quam,sit,ARCU,CONUBIA,ORCI,IMPERDIET,dolor,AMET,amet,augue,SIT,NISI,ELIT,adipiscing,MASSA,sit,SIT,ipsum,CONUBIA,amet,DUIS,ipsum,DOLOR,ipsum,ACCUMSAN,IN,SAPIEN,dolor,METUS,IPSUM,sed,nec,ornare,in,ipsum,IPSUM,AMET,DOLOR,DOLOR,DOLOR,DOLOR,dolor,AMET,fringilla,varius,PLACERAT,IPSUM,AMET,ipsum,IPSUM,iaculis,ipsum,IPSUM,HIMENAEOS,IPSUM,VULPUTATE,sagittis,IPSUM,LUCTUS,UT,commodo,dui,vehicula,ipsum,ADIPISCING,IPSUM,TRISTIQUE,DUIS
16,CONVALLIS,TEMPUS,AMET,ODIO,adipiscing,IPSUM,ipsum,PULVINAR,nisi,consectetur,litora,AUGUE,ipsum,et,duis,ipsum,nec,amet,IPSUM,IPSUM,eros,orci,IPSUM,sodales,scelerisque,VEHICULA,ipsum,gravida,id,IPSUM,IPSUM,quisque,ULLAMCORPER,ipsum,egestas,sit,IPSUM,vehicula,nulla,LECTUS,vivamus,dolor,IPSUM,duis,tempus,CONSECTETUR,VULPUTATE,ET,ipsum,dui,amet,AMET,NEQUE,METUS,ipsum,FUSCE,DOLOR,CONSECTETUR,NEQUE,DOLOR,AMET,LUCTUS,ERAT,NEQUE,dictum,METUS,consectetur,ARCU,dolor,vitae,imperdiet,DOLOR,VEHICULA,consectetur,IPSUM,massa,TORTOR,AMET,vehicula,in,amet,EX,ipsum,dolor,UT,DOLOR,IPSUM,ODIO,CONSECTETUR,DUIS,condimentum,DOLOR,dictum,ORNARE,inceptos,sit,AUGUE,ipsum,arcu,IPSUM,dolor,ELEIFEND,TEMPUS,A,elit,NEC,SIT,NUNC,quisque,IPSUM,conubia,IPSUM,imperdiet,ADIPISCING,MI,dolor,sit,APTENT,ipsum,sit,IPSUM,QUISQUE,FINIBUS,NULLA,vehicula,IMPERDIET,DOLOR,vitae,ORNARE,nisi,dolor,ACCUMSAN,DUIS,duis,ETIAM,ADIPISCING,SIT,nec,IPSUM,CONSECTETUR,litora,tincidunt,IPSUM,amet,id,DOLOR,IMPERDIET,malesuada,duis,DUI,ORCI,NEQUE,IPSUM,consectetur,ipsum
17,FEUGIAT,SIT,erat,ET,IPSUM,a,duis,AC,IPSUM,EST,AMET,ODIO,IPSUM,DOLOR,IACULIS,ipsum,IPSUM,DOLOR,VARIUS,DOLOR,ipsum,tristique,ipsum,DOLOR,convallis,ipsum,IPSUM,SIT,ERAT,TEMPUS,ipsum,IPSUM,in,massa,ipsum,IPSUM,augue,IN,AD,ipsum,amet,IPSUM,DUI,DOLOR,ipsum,IPSUM,NEQUE,ipsum,IPSUM,IPSUM,sit,NAM,AUGUE,ornare,et,ELIT,nam,sit,IPSUM,ipsum,GRAVIDA,in,litora,IPSUM,ipsum,AMET,AMET,quisque,DOLOR,AUGUE,consectetur,IPSUM,PRETIUM,FINIBUS,quisque,imperdiet,NAM,DOLOR,SIT,ipsum,FACILISIS,RISUS,ipsum,IPSUM,ipsum,ipsum,IPSUM,DOLOR,IPSUM,amet,id,ADIPISCING,elit,APTENT,PRETIUM,DOLOR,IPSUM,neque,IPSUM,a,DOLOR,ipsum,IPSUM,quam,condimentum,NEQUE,ADIPISCING,ET,conubia,TACITI,SIT,LAOREET,ORNARE,ipsum,IMPERDIET,ipsum,vitae,elit,A,facilisis,IPSUM,ORNARE,IPSUM,ET,duis,ORNARE,FELIS,CONSECTETUR,AMET,ipsum,AMET,SIT,IPSUM,DOLOR,facilisis,adipiscing,NUNC,TRISTIQUE,ipsum,PER,consectetur,molestie,CURABITUR,ipsum,ELIT,IN,AD,dui,DUIS,LITORA,sit,IPSUM,IPSUM,gravida,dolor
18,AUGUE,orci,IPSUM,taciti,IMPERDIET,ID,AMET,orci,IPSUM,ORNARE,ORNARE,urna,sit,IPSUM,IPSUM,nisi,sit,IPSUM,TEMPOR,finibus,ANTE,ipsum,DOLOR,ipsum,DOLOR,INCEPTOS,CLASS,inceptos,ipsum,IPSUM,NUNC,IMPERDIET,VARIUS,ORCI,QUISQUE,ipsum,IPSUM,IMPERDIET,ANTE,CONSEQUAT,dolor,DOLOR,NISI,SIT,duis,sit,ELIT,consectetur,ELIT,odio,elit,IPSUM,DUI,IPSUM,IPSUM,IMPERDIET,duis,IPSUM,ORCI,DAPIBUS,in,IN,AMET,IPSUM,consequat,IMPERDIET,volutpat,DOLOR,AUCTOR,ipsum,AMET,class,SUSPENDISSE,ULLAMCORPER,AMET,IPSUM,FUSCE,IN,APTENT,DOLOR,dolor,ELIT,ORNARE,IPSUM,dolor,ADIPISCING,ipsum,SIT,IPSUM,ADIPISCING,DOLOR,VITAE,IPSUM,maximus,elit,sit,IPSUM,DOLOR,sit,ipsum,augue,VEHICULA,ELIT,FACILISIS,EGESTAS,FELIS,NISI,ADIPISCING,DOLOR,litora,ipsum,duis,ipsum,VARIUS,adipiscing,ipsum,in,ipsum,lacinia,BIBENDUM,dolor,ULLAMCORPER,CONSECTETUR,felis,AC,ORNARE,ORNARE,IPSUM,DUIS,consectetur,MI,NUNC,a,ORCI,adipiscing,DOLOR,PHASELLUS,adipiscing,ELIT,AMET,IPSUM,praesent,ULLAMCORPER,DOLOR,VIVAMUS,dolor,IPSUM,CONVALLIS,sit,dolor,IPSUM,id,ipsum,IPSUM,ipsum
19,consectetur,TRISTIQUE,ADIPISCING,adipiscing,torquent,ipsum,ADIPISCING,CONSECTETUR,amet,ipsum,sit,IPSUM,MOLESTIE,consectetur,AMET,ipsum,SIT,ORCI,IPSUM,VITAE,metus,imperdiet,IPSUM,AMET,magna,DOLOR,orci,DOLOR,CONSECTETUR,CONSECTETUR,ornare,IPSUM,VEL,vulputate,IPSUM,IPSUM,IPSUM,SIT,IPSUM,nulla,LECTUS,TURPIS,dolor,SAPIEN,aenean,NEQUE,dolor,IPSUM,orci,ADIPISCING,felis,ullamcorper,consectetur,METUS,nisl,ipsum,SIT,aliquet,URNA,sit,dictum,DUIS,ipsum,amet,consectetur,amet,IPSUM,IPSUM,SIT,IN,amet,felis,erat,ipsum,ADIPISCING,massa,ipsum,ipsum,AMET,AUGUE,ELIT,IPSUM,commodo,SIT,IPSUM,massa,IPSUM,adipiscing,sit,ullamcorper,imperdiet,BIBENDUM,CONSECTETUR,imperdiet,et,IMPERDIET,ADIPISCING,ORCI,quisque,SIT,IPSUM,DOLOR,AMET,facilisis,IPSUM,DICTUM,IPSUM,aliquet,ipsum,consectetur,SIT,IPSUM,amet,DOLOR,arcu,consectetur,SIT,FELIS,SUSPENDISSE,NEQUE,DOLOR,nam,EU,IPSUM,IPSUM,IPSUM,IPSUM,ipsum,DOLOR,FACILISIS,malesuada,VIVAMUS,gravida,IPSUM,VARIUS,ornare,MASSA,in,ELIT,IPSUM,ipsum,ELIT,IMPERDIET,IPSUM,augue,in,TACITI,ELIT,TACITI,proin,NULLA,duis,quis,sit,ipsum
20,LITORA,AENEAN,consectetur,SIT,laoreet,tortor,dolor,SIT,mattis,IPSUM,PER,AMET,VEL,IPSUM,EX,DUIS,APTENT,AUGUE,IPSUM,ELIT,IPSUM,elit,litora,CONSECTETUR,ERAT,FINIBUS,IPSUM,ipsum,SIT,consectetur,ipsum,sit,ipsum,RHONCUS,augue,mattis,DOLOR,imperdiet,NEC,APTENT,DOLOR,nunc,AMET,DOLOR,elit,adipiscing,vulputate,SIT,amet,dolor,EROS,DOLOR,ipsum,turpis,neque,felis,AMET,amet,PULVINAR,dolor,DOLOR,EX,NIBH,SIT,consectetur,IPSUM,duis,ADIPISCING,tempus,IACULIS,sit,vivamus,tortor,LEO,QUAM,FACILISIS,ipsum,IPSUM,dolor,AENEAN,ipsum,VITAE,AMET,IPSUM,class,dolor,adipiscing,egestas,ADIPISCING,amet,sit,neque,ipsum,SAPIEN,TEMPOR,TACITI,ipsum,TEMPUS,vitae,SIT,consectetur,DOLOR,NEQUE,AMET,SIT,CONSECTETUR,AUGUE,in,amet,consectetur,tincidunt,TINCIDUNT,EST,dolor,ELIT,ipsum,dolor,IPSUM,IN,amet,ornare,class,METUS,LEO,SUSPENDISSE,DOLOR,DUIS,IPSUM,ORNARE,ipsum,IPSUM,VARIUS,SIT,SIT,ipsum,turpis,APTENT,dolor,TELLUS,quisque,ipsum,sociosqu,CONSECTETUR,IPSUM,sit,pellentesque,DICTUM,aptent,dolor,ipsum,ipsum,adipiscing,AD,PULVINAR,ORNARE
21,ipsum,SIT,elit,DOLOR,SIT,ornare,pulvinar,IPSUM,DUIS,IPSUM,nec,SOLLICITUDIN,AT,DUIS,vitae,SIT,amet,sit,ERAT,DUIS,ac,DUIS,dolor,IPSUM,dolor,sit,conubia,ipsum,ipsum,A,DOLOR,ipsum,amet,dolor,CONSECTETUR,adipiscing,AMET,sit,ipsum,dui,amet,MI,DOLOR,IPSUM,IPSUM,ET,IPSUM,massa,nulla,imperdiet,CONSECTETUR,CONSECTETUR,ipsum,venenatis,ADIPISCING,ADIPISCING,ADIPISCING,TEMPUS,ORCI,DOLOR,AMET,ADIPISCING,AMET,ipsum,ipsum,ORNARE,VENENATIS,ipsum,IPSUM,SIT,SIT,tempus,vehicula,IPSUM,IPSUM,QUISQUE,DUIS,ADIPISCING,ALIQUAM,FELIS,felis,VEHICULA,in,ipsum,ipsum,imperdiet,IPSUM,amet,FELIS,ipsum,FINIBUS,SIT,ipsum,AMET,ipsum,sit,MALESUADA,adipiscing,venenatis,a,DOLOR,ipsum,AUGUE,DOLOR,morbi,sociosqu,finibus,neque,FRINGILLA,ODIO,ipsum,interdum,ARCU,IPSUM,DOLOR,ipsum,etiam,dolor,vulputate,ipsum,urna,AMET,DOLOR,DOLOR,duis,duis,ORCI,VEHICULA,et,IPSUM,amet,ULLAMCORPER,DUI,IPSUM,neque,IPSUM,VITAE,AUGUE,CONSECTETUR,CONSECTETUR,PELLENTESQUE,ipsum,IPSUM,consectetur,IPSUM,sit,IPSUM,IPSUM,IPSUM,ORCI,ORCI,IN,curabitur,DOLOR,nisi
22,NEQUE,duis,VITAE,nisi,CONSECTETUR,NULLA,SIT,ULLAMCORPER,ipsum,IPSUM,ORCI,consequat,est,DUI,sit,IPSUM,RISUS,UT,pulvinar,FEUGIAT,consectetur,FUSCE,FACILISIS,orci,ET,LITORA,DUI,consectetur,duis,facilisis,dolor,lobortis,ADIPISCING,TACITI,ADIPISCING,A,ORNARE,DOLOR,IN,IPSUM,IPSUM,DUIS,duis,ADIPISCING,PHASELLUS,AD,adipiscing,luctus,IN,vivamus,VULPUTATE,ipsum,AC,ipsum,NEQUE,sit,DOLOR,in,odio,IPSUM,APTENT,ipsum,ornare,FELIS,DUI,VELIT,metus,DOLOR,ipsum,DUIS,SIT,ADIPISCING,sit,dolor,imperdiet,CONSECTETUR,sociosqu,TORTOR,ADIPISCING,FRINGILLA,AUGUE,FINIBUS,DOLOR,VEHICULA,CONSECTETUR,DONEC,nisl,SIT,litora,ipsum,ipsum,IN,IPSUM,nostra,PHASELLUS,dui,CONSECTETUR,elementum,dolor,ipsum,LITORA,FINIBUS,libero,IMPERDIET,ipsum,consectetur,IPSUM,TEMPUS,IPSUM,DUIS,IPSUM,CONSECTETUR,molestie,vitae,ipsum,ipsum,IPSUM,IPSUM,ORNARE,sit,lectus,IPSUM,sit,DOLOR,nostra,IPSUM,DUIS,ARCU,PER,nec,IPSUM,aliquam,ULTRICES,facilisis,ornare,adipiscing,vehicula,CONSECTETUR,IPSUM,sit,IPSUM,ipsum,ET,DOLOR,dui,ELIT,ipsum,a,DOLOR,DOLOR,ipsum,IPSUM,DUIS,nullam,dolor
23,metus,DOLOR,ipsum,in,VEHICULA,NEQUE,duis,nam,TEMPOR,ORCI,nunc,CONSECTETUR,ipsum,AC,VITAE,IPSUM,dolor,ipsum,amet,IPSUM,varius,finibus,SIT,sapien,ipsum,sit,IPSUM,orci,DOLOR,DOLOR,vitae,sit,TEMPUS,TORTOR,IPSUM,DOLOR,IPSUM,nisi,dolor,MI,dolor,ipsum,DOLOR,IPSUM,IPSUM,duis,CONSECTETUR,DOLOR,dolor,feugiat,non,DOLOR,duis,ipsum,SIT,IPSUM,quisque,ullamcorper,IPSUM,IPSUM,massa,DAPIBUS,dictum,convallis,ipsum,FACILISIS,ipsum,ipsum,NUNC,ARCU,CONUBIA,vel,IPSUM,IPSUM,METUS,EX,IPSUM,VITAE,AMET,ipsum,at,ipsum,ORNARE,SAGITTIS,eget,ipsum,vehicula,pellentesque,neque,SIT,NAM,DUIS,VULPUTATE,ipsum,DOLOR,AC,consectetur,IPSUM,mi,ULLAMCORPER,IPSUM,luctus,AMET,VULPUTATE,NOSTRA,IPSUM,odio,DOLOR,ullamcorper,varius,IPSUM,ET,ipsum,dolor,SIT,IPSUM,ut,IPSUM,ipsum,VEHICULA,SIT,DOLOR,ADIPISCING,DOLOR,HIMENAEOS,SIT,IPSUM,et,IPSUM,in,FRINGILLA,neque,phasellus,mollis,dolor,LOBORTIS,felis,VITAE,pulvinar,ipsum,IPSUM,elit,DOLOR,elit,varius,IPSUM,ipsum,nulla,ELIT,SIT,curabitur,porta,ADIPISCING,IPSUM,SIT
24,nulla,MAURIS,ORNARE,IPSUM,VEHICULA,elit,dolor,DOLOR,IPSUM,VELIT,NUNC,dolor,consectetur,neque,IPSUM,ERAT,VARIUS,donec,duis,vel,lectus,IPSUM,nulla,ipsum,TEMPUS,AMET,IPSUM,DOLOR,a,IPSUM,ipsum,orci,ipsum,at,dolor,SIT,IPSUM,ELIT,posuere,dolor,AMET,IN,SIT,ex,ipsum,sit,dolor,DOLOR,DOLOR,ipsum,IPSUM,vehicula,felis,DOLOR,SED,IPSUM,dolor,ERAT,INCEPTOS,ornare,adipiscing,consectetur,ipsum,IPSUM,consectetur,SIT,SOCIOSQU,ornare,vulputate,sit,ipsum,tempor,ipsum,NEQUE,pellentesque,IN,ornare,sit,adipiscing,VITAE,ELIT,dolor,dolor,ARCU,IPSUM,DOLOR,massa,vulputate,convallis,lobortis,DUI,QUISQUE,metus,DOLOR,CONSECTETUR,SIT,dolor,ornare,ORNARE,SCELERISQUE,amet,elit,amet,adipiscing,sollicitudin,ipsum,amet,nam,sit,VULPUTATE,ELIT,dolor,FACILISIS,AC,ipsum,SIT,VEHICULA,consectetur,AC,amet,IPSUM,TEMPUS,VIVAMUS,commodo,duis,consectetur,dolor,ipsum,duis,IPSUM,ERAT,dolor,duis,eu,consectetur,CONSECTETUR,IPSUM,tortor,dolor,ADIPISCING,DUIS,IPSUM,ipsum,IPSUM,ADIPISCING,dolor,CONSECTETUR,aliquet,dolor,dolor,ad,ipsum,ornare,DOLOR,CONSECTETUR
25,ornare,HIMENAEOS,ipsum,ORCI,DUIS,CONSECTETUR,consectetur,consectetur,DOLOR,magna,DOLOR,facilisis,SUSCIPIT,DOLOR,IPSUM,SIT,IN,IMPERDIET,ipsum,pellentesque,VITAE,quis,nulla,vulputate,DUIS,ADIPISCING,SIT,IPSUM,SIT,IPSUM,ipsum,DOLOR,IPSUM,rhoncus,DUIS,ipsum,amet,imperdiet,IPSUM,DUIS,sit,pellentesque,CONSECTETUR,dolor,dui,DOLOR,IMPERDIET,AMET,AMET,ornare,CONSECTETUR,vel,auctor,DUI,SIT,ANTE,ornare,laoreet,FINIBUS,IPSUM,HIMENAEOS,ipsum,tempus,IPSUM,dolor,ODIO,MAXIMUS,CONSECTETUR,feugiat,CONSECTETUR,consectetur,SIT,et,DUIS,IPSUM,DOLOR,ipsum,INCEPTOS,consequat,IPSUM,aptent,IPSUM,amet,elit,DUIS,dui,in,DOLOR,DOLOR,dolor,FELIS,FINIBUS,neque,SIT,DOLOR,AMET,FINIBUS,DUIS,et,sit,SIT,IPSUM,metus,orci,ipsum,IPSUM,felis,AMET,CONSECTETUR,sapien,ipsum,ipsum,dolor,DOLOR,diam,SIT,molestie,ULLAMCORPER,IPSUM,ipsum,duis,vitae,adipiscing,AD,AMET,LECTUS,ADIPISCING,per,DOLOR,dolor,IPSUM,ipsum,CONSECTETUR,CONSECTETUR,convallis,dolor,consectetur,LIBERO,ipsum,ipsum,ornare,dui,SIT,sit,sit,ipsum,IPSUM,dolor,ornare,ipsum,DOLOR,adipiscing,eu,lobortis,vehicula
26,nulla,IPSUM,IPSUM,ipsum,ORNARE,sit,ADIPISCING,IPSUM,sit,IPSUM,dolor,tincidunt,ipsum,ipsum,CONSECTETUR,amet,VEHICULA,ipsum,IPSUM,SIT,ipsum,ipsum,et,ipsum,ADIPISCING,amet,erat,INCEPTOS,IPSUM,TORQUENT,felis,ipsum,IPSUM,cursus,DOLOR,duis,duis,DUIS,neque,CONSECTETUR,IPSUM,vitae,CONSECTETUR,elit,conubia,IN,MATTIS,sit,CLASS,ALIQUAM,ADIPISCING,DOLOR,nam,IPSUM,amet,AC,vel,IMPERDIET,dolor,IPSUM,tellus,ipsum,MAURIS,EGESTAS,DOLOR,TACITI,SIT,ipsum,ornare,DOLOR,DOLOR,IPSUM,dolor,vel,VULPUTATE,SOCIOSQU,consectetur,CONSECTETUR,ipsum,TACITI,IN,DOLOR,dui,ipsum,cursus,IPSUM,massa,sit,eget,amet,MAXIMUS,IPSUM,maximus,ligula,PHASELLUS,LIGULA,IMPERDIET,CONSECTETUR,ipsum,interdum,vulputate,IPSUM,DOLOR,CONSECTETUR,ORNARE,ORNARE,DOLOR,vulputate,ELIT,tristique,AMET,vehicula,ipsum,ELIT,sapien,IPSUM,neque,metus,dolor,dolor,IN,sit,MAXIMUS,ipsum,in,NEQUE,libero,IPSUM,FACILISIS,nam,ipsum,CONDIMENTUM,A,IPSUM,amet,vitae,VEHICULA,SOCIOSQU,ELIT,TRISTIQUE,IPSUM,DOLOR,DOLOR,ALIQUAM,ipsum,AMET,INCEPTOS,metus,ipsum,ORNARE,felis,amet,DOLOR,vitae,IPSUM
27,AUGUE,massa,quisque,amet,elementum,a,CONSECTETUR,ullamcorper,SIT,BIBENDUM,dictum,DUI,FACILISIS,vehicula,NULLAM,SIT,nostra,ipsum,AC,EX,consectetur,AMET,ipsum,ipsum,et,dolor,nunc,sit,VITAE,ORNARE,odio,ipsum,metus,adipiscing,AMET,IPSUM,dolor,AMET,ERAT,quisque,DUIS,class,IPSUM,SIT,et,AMET,sit,porta,PELLENTESQUE,SIT,IPSUM,ipsum,dolor,ARCU,AUGUE,SIT,ipsum,elit,LACUS,ODIO,NEQUE,dolor,ET,A,orci,consectetur,IPSUM,DOLOR,elit,APTENT,ipsum,fusce,porta,aenean,ipsum,SIT,quis,dolor,ELIT,MAURIS,SIT,DOLOR,adipiscing,VEHICULA,tempus,ODIO,SAPIEN,CONSECTETUR,dolor,DOLOR,DOLOR,CONSECTETUR,augue,PULVINAR,IPSUM,tempus,NEQUE,consectetur,IPSUM,IPSUM,nisi,VULPUTATE,sit,duis,CONSECTETUR,A,aptent,IPSUM,TRISTIQUE,SIT,etiam,DOLOR,NEC,IN,elit,ipsum,NEC,finibus,ELIT,DOLOR,TEMPUS,amet,DOLOR,CONSECTETUR,ipsum,DICTUM,IPSUM,ipsum,QUISQUE,sit,IPSUM,consectetur,EU,SIT,dapibus,ipsum,SIT,ipsum,vitae,CONSECTETUR,AUGUE,SIT,TACITI,elit,ORNARE,vitae,amet,sit,ADIPISCING,dui,ipsum,IPSUM,dolor,faucibus,IPSUM
28,NEQUE,nibh,tempus,ipsum,AMET,AMET,adipiscing,IPSUM,a,ADIPISCING,ipsum,dolor,IPSUM,eu,IPSUM,ipsum,turpis,ipsum,DUI,DOLOR,CURABITUR,CONSECTETUR,ipsum,VITAE,IPSUM,ipsum,DOLOR,ipsum,NEC,augue,ipsum,CONVALLIS,DUIS,laoreet,arcu,IPSUM,felis,FINIBUS,VESTIBULUM,IPSUM,DOLOR,sit,tempus,ipsum,FINIBUS,dui,MI,per,dolor,urna,SIT,ipsum,consectetur,dolor,DUIS,AENEAN,est,duis,rhoncus,DOLOR,vehicula,nullam,conubia,DOLOR,ORNARE,ADIPISCING,DOLOR,IPSUM,ipsum,DOLOR,PHASELLUS,IPSUM,lobortis,CONSECTETUR,ipsum,ornare,consectetur,amet,IPSUM,dui,ornare,amet,sit,imperdiet,ADIPISCING,vivamus,IPSUM,dolor,dolor,AMET,et,SIT,IPSUM,et,eu,ELIT,FINIBUS,sit,consectetur,ipsum,ipsum,VITAE,FUSCE,IPSUM,consectetur,ipsum,suscipit,DOLOR,adipiscing,adipiscing,laoreet,TACITI,ipsum,sit,IPSUM,EST,quisque,DOLOR,DUIS,AMET,SODALES,IPSUM,VEHICULA,IPSUM,RUTRUM,sit,lacus,adipiscing,ipsum,AMET,quisque,DOLOR,IPSUM,ipsum,ipsum,amet,NEQUE,PHASELLUS,et,NEC,vivamus,DUIS,IPSUM,IPSUM,LOBORTIS,adipiscing,ipsum,nam,MAXIMUS,id,ipsum,a,ipsum,ipsum,DOLOR
29,SIT,EU,IPSUM,IPSUM,NUNC,suscipit,tempus,a,conubia,IPSUM,DOLOR,elit,BIBENDUM,DOLOR,EGET,dolor,ipsum,MASSA,CONSECTETUR,DOLOR,vitae,ADIPISCING,erat,DOLOR,ipsum,CONSECTETUR,DOLOR,ipsum,elit,ipsum,DOLOR,LITORA,IMPERDIET,AUGUE,MAXIMUS,neque,SIT,IPSUM,in,DOLOR,UT,vestibulum,amet,condimentum,sit,DOLOR,AMET,ipsum,CONSECTETUR,PHASELLUS,laoreet,ULLAMCORPER,IPSUM,SIT,ipsum,imperdiet,NEC,TEMPUS,dolor,NEQUE,SIT,ipsum,consectetur,ipsum,IN,ipsum,ORNARE,ipsum,lacus,ELIT,tempus,DOLOR,ADIPISCING,ELIT,VOLUTPAT,LITORA,IMPERDIET,AUGUE,sit,PHASELLUS,imperdiet,DUI,DOLOR,AMET,aptent,TEMPUS,MATTIS,VIVAMUS,VITAE,IPSUM,dolor,quisque,QUISQUE,pretium,ULLAMCORPER,ipsum,IPSUM,sit,MI,elit,SUSCIPIT,ORNARE,libero,IPSUM,IN,consectetur,DUI,MASSA,efficitur,per,AMET,FINIBUS,vehicula,sit,blandit,IPSUM,magna,est,sit,NEQUE,AENEAN,sit,dolor,dolor,IPSUM,ipsum,TEMPUS,IPSUM,arcu,IPSUM,SIT,AD,NULLA,quisque,tempus,VITAE,ADIPISCING,metus,DUI,dolor,vivamus,DOLOR,augue,IPSUM,TRISTIQUE,FAUCIBUS,ERAT,AMET,sit,finibus,IN,QUISQUE,dolor,VARIUS,SUSCIPIT
30,suspendisse,ADIPISCING,PRETIUM,IPSUM,SIT,ipsum,ipsum,ipsum,duis,IACULIS,nunc,ipsum,AMET,INCEPTOS,ipsum,augue,ALIQUAM,TELLUS,ipsum,adipiscing,ipsum,SIT,IPSUM,CONSEQUAT,lobortis,blandit,ARCU,dolor,in,AMET,est,malesuada,sit,EX,orci,a,PHASELLUS,quisque,TEMPUS,TEMPUS,IPSUM,quisque,ARCU,IPSUM,IPSUM,in,AMET,IPSUM,AUGUE,elit,IPSUM,AMET,cursus,CONSECTETUR,massa,IPSUM,consectetur,ORNARE,dolor,AUGUE,ornare,dui,AENEAN,ipsum,IPSUM,SIT,IPSUM,IPSUM,IN,mattis,orci,VITAE,dolor,DAPIBUS,ULTRICES,elit,ORNARE,adipiscing,NEQUE,LIBERO,pretium,IPSUM,ipsum,RHONCUS,ipsum,ORNARE,adipiscing,FINIBUS,ELIT,AMET,EX,FERMENTUM,IPSUM,ET,AD,dolor,INCEPTOS,IN,vel,VEHICULA,ornare,CURABITUR,IPSUM,adipiscing,vitae,SIT,sit,IPSUM,consectetur,dolor,leo,ipsum,augue,duis,sit,consectetur,CONSECTETUR,consectetur,ipsum,ipsum,IPSUM,dolor,IN,ELIT,AMET,fusce,DOLOR,elit,IPSUM,ipsum,IPSUM,AD,HIMENAEOS,ADIPISCING,sollicitudin,SIT,DUI,ipsum,VARIUS,LECTUS,egestas,DOLOR,amet,FRINGILLA,ERAT,amet,ipsum,ELIT,CONSECTETUR,VULPUTATE,ODIO,vitae,QUISQUE,in,adipiscing
31,ipsum,PRETIUM,SIT,dolor,DUIS,ipsum,DOLOR,ADIPISCING,SIT,torquent,SCELERISQUE,IPSUM,SIT,IPSUM,dolor,ELIT,nulla,amet,MI,CRAS,adipiscing,sit,HIMENAEOS,quisque,IPSUM,IPSUM,IN,IPSUM,ORCI,SIT,IPSUM,SEM,aenean,ipsum,class,IPSUM,sollicitudin,CONSECTETUR,ipsum,AUGUE,IPSUM,IPSUM,dolor,VITAE,CONSECTETUR,eu,NUNC,IPSUM,IPSUM,sit,VULPUTATE,ELIT,blandit,dolor,ADIPISCING,IACULIS,in,ipsum,ipsum,AUGUE,NEQUE,ipsum,nisl,ipsum,imperdiet,ipsum,ANTE,risus,DUIS,IPSUM,NEQUE,ullamcorper,CONSECTETUR,IPSUM,EROS,quisque,phasellus,ipsum,ERAT,taciti,ELIT,CONSECTETUR,A,AMET,sit,ipsum,amet,ornare,URNA,aenean,sit,quisque,ipsum,AMET,dolor,consectetur,DOLOR,EU,sit,eu,amet,AMET,AUCTOR,IN,ET,non,porta,mi,VEHICULA,ORCI,augue,adipiscing,IMPERDIET,CONSECTETUR,dolor,DOLOR,adipiscing,IPSUM,elit,varius,VIVAMUS,SAGITTIS,VIVAMUS,AMET,SEM,SIT,PRETIUM,DOLOR,egestas,ligula,TORTOR,CONSECTETUR,QUISQUE,DOLOR,ipsum,dolor,IPSUM,VULPUTATE,LUCTUS,CONSECTETUR,commodo,SIT,adipiscing,ipsum,IPSUM,ornare,metus,ET,IPSUM,eu,IPSUM,elit,dolor,consectetur,dolor
32,ipsum,himenaeos,VIVAMUS,phasellus,eu,ipsum,IPSUM,VULPUTATE,fringilla,IPSUM,DIAM,dolor,ornare,EU,IPSUM,vehicula,DOLOR,amet,ipsum,DOLOR,BIBENDUM,fringilla,porttitor,id,CONSECTETUR,SED,SIT,id,TORQUENT,in,AMET,sit,massa,ORNARE,vitae,in,vitae,QUISQUE,elit,ornare,IMPERDIET,dui,SIT,dolor,ipsum,at,ipsum,ET,VULPUTATE,DOLOR,VULPUTATE,imperdiet,ipsum,DOLOR,IPSUM,DOLOR,ipsum,dolor,neque,ipsum,AC,NEQUE,ipsum,adipiscing,ipsum,ipsum,SEMPER,sit,FACILISIS,elit,ipsum,IPSUM,sit,NAM,sit,massa,IPSUM,augue,dui,urna,IPSUM,IPSUM,ad,EU,sit,AUGUE,DUIS,ORNARE,LEO,SIT,DOLOR,SIT,COMMODO,TEMPUS,ipsum,CONSEQUAT,quisque,NEQUE,amet,amet,quisque,ERAT,dolor,ADIPISCING,vivamus,in,sit,ipsum,lacus,et,ipsum,dolor,pellentesque,et,IPSUM,EX,metus,PHASELLUS,LACINIA,ET,duis,elit,IN,IPSUM,ELIT,VEHICULA,aptent,SCELERISQUE,IPSUM,ADIPISCING,CLASS,EGET,IPSUM,ipsum,quis,IPSUM,QUIS,aptent,nostra,TEMPUS,IPSUM,MI,augue,FELIS,dolor,eget,DOLOR,SIT,ipsum,ORNARE,DOLOR,consectetur,inceptos,ipsum,quisque
33,IPSUM,vitae,vitae,FELIS,ipsum,ipsum,mi,RHONCUS,adipiscing,NULLA,IMPERDIET,ORNARE,sit,DOLOR,dolor,ipsum,IPSUM,nam,NEQUE,DOLOR,volutpat,VOLUTPAT,IPSUM,augue,IPSUM,CLASS,dolor,DUIS,MAGNA,NULLA,IPSUM,ipsum,NEQUE,vulputate,nibh,dolor,adipiscing,DOLOR,dolor,sit,metus,IPSUM,IMPERDIET,consectetur,ELIT,PULVINAR,TORQUENT,proin,DOLOR,AMET,dolor,ODIO,erat,IPSUM,DOLOR,NULLA,ipsum,AUGUE,CONSECTETUR,amet,NEC,ANTE,ipsum,nisi,VARIUS,consectetur,DOLOR,ADIPISCING,IPSUM,CONSECTETUR,ipsum,IPSUM,VEHICULA,VITAE,IPSUM,vel,ELIT,DOLOR,AMET,DOLOR,ipsum,AUGUE,DUIS,QUISQUE,METUS,ornare,ipsum,sit,NULLA,ipsum,IN,elit,neque,TELLUS,SIT,DOLOR,ipsum,INCEPTOS,ipsum,ex,SIT,elit,DUI,torquent,NISI,IPSUM,dolor,AMET,QUISQUE,felis,ullamcorper,AMET,IPSUM,lobortis,DOLOR,QUISQUE,dolor,lobortis,CONSECTETUR,DOLOR,ipsum,TORQUENT,VARIUS,AC,ERAT,malesuada,ORNARE,dolor,neque,vitae,SUSCIPIT,ipsum,odio,nam,convallis,IPSUM,AMET,SIT,MI,ipsum,AMET,ex,ipsum,DICTUM,CONSECTETUR,CLASS,MASSA,ac,ipsum,elit,SIT,DUIS,felis,DONEC,INCEPTOS
34,ipsum,IPSUM,et,ipsum,consectetur,IPSUM,ID,TACITI,PRAESENT,vehicula,VIVAMUS,QUISQUE,ipsum,dolor,AUCTOR,NEQUE,INCEPTOS,DOLOR,adipiscing,IPSUM,NIBH,dolor,DOLOR,IPSUM,AMET,sit,dapibus,ipsum,imperdiet,venenatis,cursus,VEHICULA,sit,CONSECTETUR,AMET,DOLOR,amet,amet,dolor,dolor,DUIS,DOLOR,ipsum,ipsum,FINIBUS,IPSUM,amet,ipsum,adipiscing,SIT,IPSUM,DUIS,NULLA,DOLOR,orci,ipsum,ullamcorper,NULLAM,SIT,MALESUADA,per,DUIS,sed,dolor,duis,CURSUS,neque,EX,ipsum,PHASELLUS,NUNC,ipsum,sit,dolor,ornare,ADIPISCING,IPSUM,NIBH,ipsum,amet,ipsum,torquent,AMET,NISI,ORCI,FACILISIS,DOLOR,CONSECTETUR,FUSCE,IPSUM,AMET,consectetur,interdum,SIT,ex,ornare,ELIT,ID,dolor,orci,AMET,quisque,mollis,per,MASSA,felis,DUIS,ipsum,ULLAMCORPER,MI,ADIPISCING,EU,nam,in,IPSUM,enim,ADIPISCING,a,PELLENTESQUE,ULLAMCORPER,ORNARE,AMET,IMPERDIET,consectetur,IPSUM,IPSUM,NEQUE,luctus,dolor,SIT,IPSUM,CONSECTETUR,ipsum,ELIT,VITAE,IPSUM,convallis,ipsum,IPSUM,IPSUM,ELIT,NEQUE,phasellus,duis,VULPUTATE,ELIT,IN,sit,DOLOR,CONSECTETUR,in,elit,CONSECTETUR,consectetur,SED
35,SIT,ORNARE,VOLUTPAT,MOLESTIE,dolor,DOLOR,dolor,DOLOR,dolor,ERAT,IPSUM,ut,ex,ODIO,et,AMET,FINIBUS,IPSUM,adipiscing,et,FRINGILLA,ET,amet,mi,NUNC,nisi,DOLOR,AUGUE,PELLENTESQUE,imperdiet,DOLOR,ipsum,dolor,IPSUM,SODALES,DOLOR,vitae,MASSA,MALESUADA,FACILISIS,VITAE,URNA,adipiscing,AUCTOR,dolor,DUIS,IPSUM,ELIT,elit,duis,DOLOR,ipsum,SIT,volutpat,sit,SIT,sit,elit,SIT,ELIT,enim,IPSUM,DOLOR,sociosqu,DOLOR,NOSTRA,sit,NEC,orci,IPSUM,IPSUM,eu,AMET,a,ETIAM,ORNARE,IPSUM,augue,ELIT,CONSECTETUR,NULLAM,dolor,AMET,duis,ADIPISCING,DUI,IPSUM,IPSUM,PROIN,neque,aenean,ipsum,ipsum,ornare,ipsum,molestie,ipsum,AMET,augue,tempor,ORNARE,at,FELIS,amet,PELLENTESQUE,LIGULA,taciti,IPSUM,MALESUADA,VEL,DOLOR,dolor,ipsum,dolor,sit,ORNARE,DOLOR,IPSUM,duis,IPSUM,amet,VITAE,FELIS,luctus,AD,adipiscing,TEMPUS,ipsum,ipsum,AMET,elit,elit,NUNC,ac,vitae,CONSECTETUR,DOLOR,AMET,AC,sit,duis,ipsum,ipsum,IPSUM,IPSUM,AMET,sit,ID,IPSUM,IPSUM,IPSUM,dolor,ipsum,facilisis,sit
36,taciti,conubia,IPSUM,ipsum,IPSUM,IPSUM,TEMPOR,nam,IPSUM,SIT,ipsum,litora,UT,SIT,sit,PRETIUM,DOLOR,PELLENTESQUE,dolor,FINIBUS,ipsum,feugiat,AMET,IPSUM,IPSUM,URNA,imperdiet,ex,ELIT,ipsum,VITAE,neque,consectetur,fringilla,VITAE,elit,est,FAUCIBUS,IPSUM,ornare,CONSECTETUR,diam,ipsum,IN,SIT,NEQUE,CONVALLIS,in,vulputate,consectetur,VIVAMUS,IPSUM,ipsum,ELEIFEND,QUISQUE,RISUS,SIT,IPSUM,LIBERO,nostra,IPSUM,ORNARE,sit,ELIT,ipsum,ipsum,IPSUM,ADIPISCING,IPSUM,ipsum,IPSUM,sociosqu,orci,SOLLICITUDIN,in,non,IPSUM,IPSUM,phasellus,amet,eu,convallis,NISI,bibendum,TORQUENT,ipsum,dolor,ADIPISCING,adipiscing,consectetur,taciti,imperdiet,FEUGIAT,varius,duis,elit,sit,VITAE,ORCI,DOLOR,sit,ipsum,NEC,consectetur,ipsum,sem,IPSUM,dolor,CONSECTETUR,IPSUM,adipiscing,AMET,IPSUM,ADIPISCING,ornare,CONSEQUAT,TELLUS,AMET,amet,sit,nulla,AMET,odio,IPSUM,RISUS,varius,ipsum,NULLA,pulvinar,finibus,dolor,ipsum,amet,IPSUM,nec,SEM,LIGULA,IPSUM,amet,tempus,JUSTO,consectetur,ADIPISCING,elit,IPSUM,quisque,neque,dolor,IPSUM,ANTE,et,DOLOR,amet,ipsum,ULLAMCORPER
37,IPSUM,NAM,ac,AC,ipsum,sit,dolor,CONSECTETUR,IPSUM,dolor,SIT,conubia,IN,orci,neque,dolor,aenean,felis,facilisis,DOLOR,ipsum,IPSUM,IPSUM,NISI,curabitur,ADIPISCING,AMET,ipsum,amet,neque,dolor,ipsum,SIT,FERMENTUM,consequat,class,eget,CONSECTETUR,elit,FACILISIS,ERAT,IMPERDIET,ipsum,AMET,VEHICULA,ipsum,vitae,ipsum,ipsum,IPSUM,consectetur,ipsum,LACUS,ipsum,DOLOR,APTENT,IPSUM,ipsum,sit,TACITI,sit,AUCTOR,SIT,DUIS,DOLOR,CONUBIA,CONSECTETUR,EROS,DUIS,METUS,IPSUM,amet,consectetur,sit,in,DUI,IPSUM,IPSUM,EFFICITUR,ENIM,IPSUM,VELIT,felis,ipsum,consectetur,DOLOR,pretium,SIT,VARIUS,SOCIOSQU,sit,AMET,ipsum,NISI,sit,NOSTRA,CONSECTETUR,donec,LAOREET,amet,id,tempus,IPSUM,DUIS,SIT,DOLOR,ex,et,maximus,nec,IPSUM,NAM,MAURIS,ADIPISCING,CONSECTETUR,IPSUM,maximus,VARIUS,AMET,HIMENAEOS,ADIPISCING,ipsum,pellentesque,CURABITUR,PULVINAR,ipsum,ipsum,PELLENTESQUE,IPSUM,at,MAURIS,consectetur,AMET,elit,SIT,in,ipsum,orci,ipsum,FINIBUS,ligula,tortor,SIT,AT,neque,phasellus,ET,ipsum,ipsum,FINIBUS,DAPIBUS,consectetur,VITAE,IPSUM,ipsum
38,SIT,amet,FINIBUS,IPSUM,IPSUM,ipsum,IPSUM,cras,venenatis,SIT,IPSUM,VITAE,ipsum,SIT,DOLOR,dolor,proin,vel,eget,INTERDUM,LUCTUS,IPSUM,adipiscing,EGET,vestibulum,IN,dolor,ipsum,AMET,ELEMENTUM,himenaeos,ipsum,ipsum,ELIT,IPSUM,ipsum,IPSUM,CRAS,IPSUM,IPSUM,consectetur,QUISQUE,consectetur,DOLOR,phasellus,dictum,NUNC,ADIPISCING,neque,TEMPUS,ornare,IPSUM,TEMPOR,MI,IPSUM,AMET,VESTIBULUM,DOLOR,ipsum,SIT,phasellus,DOLOR,amet,massa,dolor,ET,adipiscing,CONVALLIS,IPSUM,DOLOR,ODIO,sit,ipsum,SIT,massa,proin,AMET,ipsum,ELIT,tempus,finibus,ipsum,LACINIA,ADIPISCING,CONSECTETUR,dolor,AMET,AMET,ADIPISCING,dolor,ADIPISCING,sit,ORNARE,AMET,ipsum,ELIT,consectetur,SOCIOSQU,CONSECTETUR,duis,amet,AC,commodo,ipsum,imperdiet,FINIBUS,vivamus,amet,IPSUM,amet,dolor,APTENT,ENIM,dolor,consectetur,turpis,ipsum,ET,DOLOR,sit,dolor,ORCI,IPSUM,ipsum,VARIUS,VEHICULA,IN,DOLOR,VEHICULA,ac,SAPIEN,ornare,dolor,VEL,SIT,ipsum,SIT,NEQUE,CLASS,ELIT,ipsum,ADIPISCING,METUS,LUCTUS,VITAE,augue,IPSUM,ornare,IPSUM,CLASS,ADIPISCING,ERAT,ac,IPSUM,DUI
39,TELLUS,augue,vulputate,consectetur,VARIUS,IPSUM,ORCI,DOLOR,quisque,DUI,sit,IPSUM,amet,sit,aptent,nam,in,ipsum,in,IPSUM,himenaeos,dolor,VARIUS,VARIUS,IPSUM,VESTIBULUM,TURPIS,ADIPISCING,augue,ipsum,ADIPISCING,elit,ipsum,CONDIMENTUM,LIBERO,IPSUM,augue,dolor,EGESTAS,laoreet,IPSUM,ipsum,felis,erat,IPSUM,MASSA,bibendum,ipsum,AMET,AMET,EROS,DOLOR,DOLOR,ADIPISCING,nec,sed,rhoncus,IPSUM,DOLOR,vitae,eu,DOLOR,IPSUM,ornare,DOLOR,duis,VESTIBULUM,arcu,LEO,IPSUM,EU,id,PHASELLUS,at,AENEAN,AMET,CONVALLIS,dolor,adipiscing,elit,ipsum,nisi,DOLOR,SIT,IPSUM,CONSECTETUR,ipsum,adipiscing,ORNARE,imperdiet,IPSUM,sit,ipsum,sit,nulla,ORCI,CONVALLIS,vehicula,sit,ADIPISCING,adipiscing,CONSECTETUR,nec,ipsum,dolor,VEHICULA,ORNARE,rhoncus,AUGUE,VARIUS,TACITI,IPSUM,nisi,et,ORNARE,DOLOR,APTENT,IPSUM,DUIS,vehicula,odio,VEHICULA,IPSUM,DOLOR,QUISQUE,NISI,ipsum,ELIT,amet,condimentum,ipsum,ipsum,IPSUM,at,quisque,MOLLIS,DOLOR,commodo,ex,adipiscing,amet,eu,nulla,AENEAN,IPSUM,DOLOR,CONSECTETUR,SIT,AUGUE,MATTIS,SIT,IPSUM,IPSUM,AMET,condimentum
40,morbi,dolor,in,est,ornare,AMET,DOLOR,IPSUM,fermentum,tempor,ORCI,CONUBIA,elit,ARCU,FAUCIBUS,ADIPISCING,MASSA,non,NUNC,DOLOR,quisque,TEMPUS,nec,SIT,AMET,consectetur,IMPERDIET,IPSUM,DUIS,in,aenean,augue,CONSECTETUR,IPSUM,CONSECTETUR,duis,et,ELIT,ipsum,MAURIS,dolor,tincidunt,DUIS,DOLOR,dolor,ipsum,elit,IPSUM,IPSUM,sit,VEHICULA,ipsum,MATTIS,consectetur,IPSUM,NAM,LAOREET,PORTA,AMET,SUSCIPIT,sit,ipsum,ullamcorper,metus,PULVINAR,IPSUM,ligula,ALIQUET,et,TEMPUS,dolor,VITAE,AMET,DONEC,ornare,porttitor,aptent,ad,MALESUADA,NUNC,ipsum,DOLOR,adipiscing,IPSUM,ipsum,IPSUM,AMET,ALIQUAM,IPSUM,conubia,pellentesque,DOLOR,VITAE,FELIS,pellentesque,MASSA,VEHICULA,ARCU,IPSUM,PER,ipsum,AUGUE,ad,DOLOR,PELLENTESQUE,IPSUM,CONSECTETUR,QUISQUE,IN,elit,IPSUM,DOLOR,dolor,massa,amet,tempus,A,DOLOR,TINCIDUNT,at,IN,ADIPISCING,TEMPOR,adipiscing,SIT,dui,CONSECTETUR,non,imperdiet,IPSUM,ipsum,et,DUIS,COMMODO,MATTIS,LACINIA,phasellus,DOLOR,metus,ELEMENTUM,ipsum,ORCI,UT,semper,nam,pellentesque,ipsum,DOLOR,SIT,APTENT,IPSUM,ipsum,sit,mauris,SOCIOSQU
41,IPSUM,mi,SIT,ELIT,IPSUM,aenean,ipsum,NEC,ipsum,DICTUM,elit,imperdiet,IPSUM,massa,consectetur,AMET,vehicula,IPSUM,in,DOLOR,ipsum,class,ipsum,NEC,CONSECTETUR,amet,ELIT,NIBH,FELIS,duis,per,IPSUM,ipsum,FINIBUS,massa,dolor,IPSUM,suspendisse,AUGUE,LITORA,DOLOR,IPSUM,AMET,nunc,adipiscing,ELEMENTUM,diam,amet,ipsum,augue,IPSUM,UT,SIT,DOLOR,TINCIDUNT,vitae,ipsum,DOLOR,LEO,MAXIMUS,DOLOR,SIT,ORNARE,TACITI,duis,IPSUM,aptent,vestibulum,adipiscing,adipiscing,QUISQUE,varius,DOLOR,consectetur,IPSUM,IPSUM,DOLOR,IPSUM,ipsum,eu,ipsum,SIT,phasellus,EGET,FUSCE,vitae,AC,METUS,VITAE,amet,nec,dolor,dolor,tristique,class,ADIPISCING,IPSUM,DOLOR,IN,VARIUS,CLASS,dolor,FINIBUS,enim,METUS,quisque,fusce,IN,dolor,orci,DICTUM,dolor,IPSUM,LOBORTIS,NEQUE,consectetur,DOLOR,VEL,dui,augue,adipiscing,ELIT,FACILISIS,nostra,ORNARE,vivamus,ipsum,dolor,CLASS,SIT,ELIT,IPSUM,maximus,CONSECTETUR,ipsum,neque,vehicula,amet,ac,VITAE,IPSUM,ac,ipsum,dolor,ODIO,sem,NULLA,ornare,sit,DOLOR,in,NUNC,ADIPISCING,DOLOR,NEQUE
42,DUI,SIT,SIT,est,VESTIBULUM,SIT,amet,MORBI,aptent,ELIT,ipsum,amet,ADIPISCING,sit,IPSUM,IPSUM,IPSUM,dolor,ipsum,ullamcorper,IPSUM,VEHICULA,amet,TEMPUS,faucibus,LOBORTIS,dolor,NIBH,AMET,TEMPUS,sit,nulla,DUIS,DUIS,CONSECTETUR,IPSUM,AMET,ipsum,neque,FINIBUS,ipsum,ipsum,tellus,amet,ORNARE,duis,ELIT,ipsum,IPSUM,DOLOR,AMET,ipsum,CLASS,AMET,TINCIDUNT,in,ELIT,augue,DUI,ipsum,TELLUS,IPSUM,ipsum,dolor,IPSUM,FRINGILLA,SIT,ipsum,IN,convallis,POSUERE,ipsum,DOLOR,scelerisque,CONVALLIS,ipsum,CONUBIA,VESTIBULUM,arcu,A,finibus,dolor,ET,id,IN,ipsum,pharetra,dolor,IPSUM,per,IPSUM,adipiscing,id,IPSUM,ipsum,quis,sit,RUTRUM,dolor,VIVAMUS,ORNARE,eget,IPSUM,MAURIS,elit,scelerisque,FELIS,dolor,DOLOR,pharetra,ELIT,adipiscing,dolor,in,DIGNISSIM,ALIQUET,AUGUE,neque,ipsum,TEMPUS,adipiscing,sit,mi,ORCI,ipsum,sapien,SIT,EU,NIBH,NOSTRA,amet,MAXIMUS,taciti,IPSUM,ipsum,dolor,IPSUM,AMET,ELIT,VEL,DOLOR,IMPERDIET,IPSUM,LECTUS,ADIPISCING,iaculis,ADIPISCING,DUIS,IPSUM,IPSUM,IPSUM,erat,lacinia,DOLOR,LUCTUS
43,IPSUM,aenean,placerat,ipsum,ipsum,IPSUM,ipsum,SIT,DOLOR,elit,SIT,TEMPUS,ipsum,AMET,ipsum,CONVALLIS,dolor,IPSUM,PHASELLUS,adipiscing,DIGNISSIM,FERMENTUM,IN,dolor,elit,DOLOR,adipiscing,SIT,FERMENTUM,SIT,SEM,sit,elit,cursus,IN,IPSUM,IPSUM,UT,aenean,consectetur,DUI,EGET,tellus,dolor,NISI,MASSA,a,FINIBUS,MALESUADA,VEHICULA,QUISQUE,NEC,AMET,AMET,convallis,ORNARE,NEQUE,QUISQUE,dolor,ADIPISCING,TEMPOR,IPSUM,ipsum,DOLOR,TEMPUS,MASSA,ipsum,DUIS,dolor,ORNARE,IPSUM,nisi,AENEAN,consectetur,SCELERISQUE,IPSUM,ADIPISCING,amet,ELIT,dui,FINIBUS,egestas,DUIS,DOLOR,ORCI,ac,vivamus,DUIS,sit,ET,amet,tempus,neque,DOLOR,tempus,ipsum,NEQUE,CONSECTETUR,IPSUM,sit,FUSCE,ipsum,PORTTITOR,ORNARE,ipsum,ADIPISCING,EU,ex,IPSUM,DUI,ELIT,IPSUM,ipsum,SOCIOSQU,VEHICULA,ornare,FINIBUS,SOCIOSQU,IPSUM,IPSUM,POSUERE,sit,AT,QUISQUE,in,ORCI,ipsum,EST,sit,ULLAMCORPER,sit,sit,DUIS,ipsum,IPSUM,EGESTAS,pellentesque,CLASS,SOLLICITUDIN,ORNARE,adipiscing,AD,ipsum,PORTTITOR,consectetur,IPSUM,tempus,duis,ipsum,DOLOR,ipsum,amet,ORNARE,IPSUM,CONSECTETUR
44,IN,SIT,ADIPISCING,vehicula,amet,VITAE,AMET,CONSECTETUR,QUISQUE,ULLAMCORPER,CONSECTETUR,SIT,nisi,turpis,felis,IPSUM,amet,DUI,vulputate,sed,adipiscing,ipsum,SIT,sociosqu,IPSUM,dolor,elit,elit,SOCIOSQU,SIT,SIT,IPSUM,ipsum,IPSUM,DOLOR,consectetur,IPSUM,QUISQUE,MAURIS,DICTUM,nisi,CONVALLIS,IN,ipsum,SIT,IN,amet,NEC,IPSUM,DOLOR,MI,AUGUE,IACULIS,IPSUM,TINCIDUNT,SIT,IPSUM,DOLOR,ipsum,IPSUM,ipsum,ELIT,consectetur,ipsum,orci,lacus,DUI,at,AD,SIT,IPSUM,nulla,IPSUM,class,MORBI,dolor,varius,quisque,ELIT,ADIPISCING,IPSUM,phasellus,MASSA,dolor,IPSUM,sit,NEC,DOLOR,dolor,DOLOR,curabitur,SIT,consectetur,IPSUM,ipsum,consectetur,dolor,BLANDIT,finibus,DOLOR,felis,IPSUM,ERAT,ODIO,dolor,ORNARE,DOLOR,aenean,ipsum,elit,ELIT,MI,sit,dolor,DOLOR,AMET,PLACERAT,AMET,ipsum,adipiscing,consectetur,amet,DICTUM,VITAE,ARCU,ornare,vulputate,FINIBUS,IN,UT,VITAE,ipsum,tempus,duis,MAXIMUS,VEHICULA,quisque,IN,vulputate,elit,DUIS,ET,HIMENAEOS,SIT,VULPUTATE,QUISQUE,ipsum,ipsum,IPSUM,ipsum,IPSUM,sit,ORCI,IPSUM,ipsum
45,IPSUM,FELIS,dui,ipsum,sit,metus,tincidunt,dolor,dolor,sit,IPSUM,IPSUM,AMET,ipsum,IPSUM,DOLOR,vitae,dolor,varius,finibus,dolor,ornare,QUISQUE,ipsum,sit,DOLOR,neque,ULLAMCORPER,amet,RHONCUS,duis,EGET,IPSUM,ELIT,IPSUM,IPSUM,ADIPISCING,TURPIS,sit,ac,ODIO,mi,SIT,finibus,duis,eu,dolor,CLASS,consectetur,IPSUM,ipsum,vitae,DUI,amet,ornare,metus,ADIPISCING,ipsum,dictum,ex,CURSUS,ipsum,IN,ipsum,ipsum,ELIT,nec,MAGNA,commodo,PROIN,imperdiet,IPSUM,AC,consectetur,consectetur,IPSUM,ipsum,ADIPISCING,IPSUM,ET,ORNARE,CLASS,CONSECTETUR,per,iaculis,imperdiet,FELIS,IPSUM,ipsum,TINCIDUNT,amet,SAPIEN,finibus,IMPERDIET,AUGUE,sit,IPSUM,ODIO,CONVALLIS,MI,AC,DOLOR,DOLOR,sociosqu,IPSUM,DOLOR,ERAT,amet,ipsum,ADIPISCING,TORTOR,ERAT,VEHICULA,IPSUM,amet,consectetur,dolor,dolor,ipsum,ipsum,IPSUM,dolor,ipsum,nulla,DUI,IPSUM,dui,CONSECTETUR,ut,ipsum,ELIT,IPSUM,ipsum,orci,elit,dolor,SIT,ODIO,amet,FINIBUS,ALIQUAM,VARIUS,ADIPISCING,FINIBUS,tellus,FELIS,CONSECTETUR,SIT,dolor,TORTOR,sit,TORTOR,QUISQUE,vitae,ac
46,ipsum,ADIPISCING,amet,ipsum,LUCTUS,ac,EU,IPSUM,laoreet,IPSUM,SIT,IPSUM,INCEPTOS,CONDIMENTUM,ipsum,consectetur,sit,tempus,DOLOR,CONVALLIS,neque,ORNARE,DOLOR,ipsum,VARIUS,NOSTRA,TEMPUS,torquent,in,CONSECTETUR,ELIT,AMET,dolor,VIVAMUS,himenaeos,FELIS,CONVALLIS,AMET,ipsum,DOLOR,DOLOR,imperdiet,PULVINAR,ELIT,IPSUM,vitae,SIT,dolor,CONSECTETUR,AMET,SIT,AMET,maximus,IPSUM,ipsum,ipsum,adipiscing,TEMPUS,dolor,ipsum,ipsum,ipsum,ipsum,MALESUADA,IPSUM,sit,elit,NUNC,PER,dolor,amet,APTENT,ipsum,dolor,DUIS,neque,ornare,augue,EU,CONVALLIS,ipsum,finibus,IPSUM,PELLENTESQUE,IPSUM,laoreet,ipsum,sit,PER,IPSUM,SUSCIPIT,VEHICULA,NULLA,dolor,torquent,consectetur,dolor,INCEPTOS,AMET,VARIUS,felis,VITAE,laoreet,varius,DOLOR,DUIS,IPSUM,vitae,EGET,ornare,pellentesque,IPSUM,ipsum,NISI,consectetur,pellentesque,sapien,EU,DUIS,consectetur,ipsum,MAURIS,ARCU,ac,AD,DUIS,convallis,sit,orci,mi,dolor,ELIT,ipsum,ipsum,ipsum,EGET,ipsum,AMET,ipsum,LIGULA,IPSUM,ipsum,ALIQUET,QUISQUE,pellentesque,VEL,dolor,ipsum,IPSUM,VIVAMUS,amet,ORCI,AMET,adipiscing,TACITI
47,ac,SIT,IPSUM,TORQUENT,ipsum,tristique,ADIPISCING,ipsum,VITAE,maximus,EX,ipsum,ipsum,METUS,SIT,ET,SIT,IPSUM,SEM,DIAM,ipsum,ID,IPSUM,MASSA,ADIPISCING,imperdiet,SODALES,CONVALLIS,AMET,DUIS,IPSUM,IPSUM,dolor,amet,IPSUM,amet,IN,DUIS,erat,duis,adipiscing,duis,ipsum,QUISQUE,DOLOR,et,DOLOR,IPSUM,IPSUM,velit,elit,INCEPTOS,ORNARE,MASSA,nostra,turpis,ipsum,dolor,SIT,HIMENAEOS,VEHICULA,QUISQUE,ipsum,IPSUM,dolor,DOLOR,faucibus,elit,IPSUM,amet,ipsum,amet,IPSUM,ipsum,amet,ipsum,IPSUM,IPSUM,dolor,aptent,dui,interdum,dolor,DOLOR,TEMPUS,sit,VULPUTATE,nunc,IPSUM,sit,SIT,ODIO,CURABITUR,DUIS,QUISQUE,sit,IN,neque,IPSUM,VOLUTPAT,elit,orci,ULLAMCORPER,ipsum,CONSECTETUR,sit,IN,TORTOR,IMPERDIET,IMPERDIET,LITORA,ornare,sit,ac,vehicula,varius,tortor,AMET,augue,CLASS,ipsum,elit,IPSUM,NEC,IPSUM,DOLOR,IPSUM,NEQUE,MALESUADA,ADIPISCING,IPSUM,DUIS,EU,ULLAMCORPER,ipsum,SIT,felis,ipsum,dolor,consectetur,MASSA,VARIUS,adipiscing,DOLOR,MI,SUSCIPIT,IPSUM,dolor,IPSUM,IPSUM,A,ipsum,aptent,PER,PHASELLUS
48,DUIS,in,DOLOR,DOLOR,convallis,DOLOR,dui,consectetur,IPSUM,IPSUM,turpis,FELIS,SIT,ipsum,APTENT,NISI,ORNARE,IPSUM,convallis,DUIS,AUGUE,mi,ORCI,IPSUM,IPSUM,dolor,ipsum,PELLENTESQUE,IPSUM,IPSUM,NOSTRA,sit,SIT,DUI,AMET,CRAS,etiam,SEM,ipsum,CONSECTETUR,SIT,in,IPSUM,ipsum,in,ipsum,varius,CONVALLIS,sed,dolor,nunc,ADIPISCING,nec,dolor,SOCIOSQU,adipiscing,IPSUM,ETIAM,dolor,IPSUM,ipsum,at,ADIPISCING,HIMENAEOS,LECTUS,LACUS,ipsum,sit,DOLOR,IMPERDIET,FEUGIAT,sit,taciti,ipsum,AMET,neque,MORBI,consectetur,IPSUM,amet,LAOREET,dolor,interdum,EST,IPSUM,duis,amet,CLASS,IPSUM,ipsum,VEL,DUIS,ODIO,duis,feugiat,ipsum,adipiscing,ELIT,ODIO,ipsum,elit,dolor,SIT,DOLOR,SIT,ALIQUAM,NON,ADIPISCING,ipsum,ADIPISCING,ut,non,IPSUM,duis,phasellus,elit,FACILISIS,ipsum,volutpat,consectetur,DUIS,IPSUM,SIT,CONSECTETUR,ADIPISCING,CONSECTETUR,luctus,erat,sodales,DOLOR,sit,VOLUTPAT,conubia,turpis,sit,IPSUM,duis,UT,IPSUM,ORNARE,ipsum,ADIPISCING,neque,SIT,consectetur,DOLOR,ODIO,IN,amet,CONVALLIS,vehicula,adipiscing,PHASELLUS,IMPERDIET,VARIUS
49,IN,ipsum,VULPUTATE,vehicula,IPSUM,ipsum,TEMPUS,IPSUM,ORNARE,adipiscing,SIT,DUIS,dolor,DOLOR,ante,ipsum,CONVALLIS,IMPERDIET,NISL,commodo,MALESUADA,TEMPUS,dolor,DOLOR,dolor,DOLOR,facilisis,dolor,AUGUE,IPSUM,duis,DUIS,DOLOR,ET,nostra,facilisis,DOLOR,IPSUM,ipsum,finibus,AMET,TACITI,NIBH,duis,IPSUM,tempus,ELIT,finibus,dolor,ipsum,NEC,DUIS,SIT,IPSUM,ARCU,IPSUM,DOLOR,dolor,dolor,consectetur,ADIPISCING,ipsum,IPSUM,per,vel,adipiscing,TACITI,IMPERDIET,ORCI,tempus,ipsum,dolor,duis,IPSUM,ipsum,SIT,CONSECTETUR,IPSUM,VARIUS,consectetur,IPSUM,LACUS,elit,CONSECTETUR,ipsum,IPSUM,sociosqu,FACILISIS,IPSUM,phasellus,mi,IPSUM,NIBH,SIT,ipsum,NEQUE,dolor,orci,NEC,ipsum,IPSUM,TEMPUS,VEHICULA,SIT,adipiscing,finibus,quisque,IPSUM,SIT,TEMPUS,dolor,ELIT,ipsum,IPSUM,nibh,AMET,DOLOR,sapien,VEHICULA,AMET,ipsum,CONSECTETUR,duis,IPSUM,dolor,ipsum,dolor,DOLOR,LAOREET,AC,IPSUM,nulla,LIBERO,AMET,tortor,ipsum,QUISQUE,AMET,ELIT,ipsum,MASSA,massa,arcu,quisque,placerat,IPSUM,consectetur,IMPERDIET,A,ipsum,IPSUM,lacus,nulla,ERAT,neque
